SITE_ID,General classification,State,Data source/network,Period of record,Energy balance,Latitude,Longitude,Elevation (m),Land cover details,Land cover type,Measurement technique,Contact for sites not downloaded from AmeriFlux network,Contact email,DOI,Team member,Member role,Member institution,Member email,Site name
US-SO3,Shrublands,CA,AmeriFlux,03/1997-12/2006,0.900034361090186,33.3771,-116.6226,1429.0,"Chaparral, severe fire in 2003",Shrublands,Eddy covariance,,,10.17190/AMF/1246098,Walt Oechel,PI,San Diego State University,woechel@mail.sdsu.edu,Sky Oaks- Young Stand
US-Jo2,Shrublands,NM,AmeriFlux,08/2010-12/2019,0.800945566361108,32.58494,-106.60322,1469.0,Open phreatophyte shrubland,Shrublands,Eddy covariance,,,10.17190/AMF/1617696,Enrique R. Vivoni,PI,Arizona State University,vivoni@asu.edu,Jornada Experimental Range Mixed Shrubland
US-Ced,Shrublands,NJ,AmeriFlux,07/2005-12/2014,1.07537433895949,39.8379,-74.3791,58.0,Pitch pine prescribed burns,Shrublands,Eddy covariance,,,10.17190/AMF/1246043,Ken Clark,PI,USDA Forest Service,kennethclark@fs.fed.us,Cedar Bridge
US-SO2,Shrublands,CA,AmeriFlux,03/1997-12/2006,0.991680640643582,33.3738,-116.6228,1394.0,"Chaparral, severe fire in 2003",Shrublands,Eddy covariance,,,10.17190/AMF/1246097,Walt Oechel,PI,San Diego State University,woechel@mail.sdsu.edu,Sky Oaks- Old Stand
US-xJR,Shrublands,NM,AmeriFlux,01/2017-05/2020,0.825812968242624,32.59068,-106.84254,1329.0,Desert scrub and grassland,Shrublands,Eddy covariance,,,10.17190/AMF/1617731,Cove Sturtevant,PI,NEON,csturtevant@battelleecology.org,NEON Jornada LTER (JORN)
US-SRS,Shrublands,AZ,AmeriFlux,05/2011-11/2018,0.935444815334726,31.817294,-110.850801,1169.0,"Mesquite savanna, herbicide applied in 2016",Shrublands,Eddy covariance,,,10.17190/AMF/1660351,Enrique R. Vivoni,PI,Arizona State University,vivoni@asu.edu,Santa Rita Experimental Range Mesquite Savanna
US-SO4,Shrublands,CA,AmeriFlux,01/2004-12/2006,0.870862101823737,33.3845,-116.6406,1429.0,Old-growth chaparral ecosystem,Shrublands,Eddy covariance,,,10.17190/AMF/1246099,Walt Oechel,PI,San Diego State University,woechel@mail.sdsu.edu,Sky Oaks- New Stand
US-KS2,Shrublands,FL,AmeriFlux,04/2000-09/2006,0.812086879260632,28.6086,-80.6715,3.0,"Scrub oak, fire in 1996",Shrublands,Eddy covariance,,,10.17190/AMF/1246070,Bert Drake,PI,Smithsonian Environmental Research Center,drakeb@si.edu,Kennedy Space Center (scrub oak)
